Workbook

Sheet CloseDateSpeedOfMarket
A1: MonthYear | B1: CountOfMLS® . | C1: DaysUsed | D1: AvgDailySales
A2: 44958 | B2: 1737 | C2: 28 | D2: 62
A3: 44986 | B3: 2424 | C3: 31 | D3: 78
A4: 45017 | B4: 2686 | C4: 30 | D4: 90
A5: 45047 | B5: 3117 | C5: 31 | D5: 101
A6: 45078 | B6: 3140 | C6: 30 | D6: 105
A7: 45108 | B7: 2644 | C7: 31 | D7: 85
A8: 45139 | B8: 2716 | C8: 31 | D8: 88
A9: 45170 | B9: 2430 | C9: 30 | D9: 81
A10: 45200 | B10: 2169 | C10: 31 | D10: 70
A11: 45231 | B11: 1783 | C11: 30 | D11: 59
A12: 45261 | B12: 1363 | C12: 31 | D12: 44
A13: 45292 | B13: 1648 | C13: 31 | D13: 53
A14: 45323 | B14: 2132 | C14: 29 | D14: 74 | Q14: =D14/D2-1 -> 0.19354839 | R14: =B14/B2-1 -> 0.22740357 | S14: =A14 -> 45323
A15: 45352 | B15: 2658 | C15: 31 | D15: 86 | Q15: =D15/D3-1 -> 0.1025641 | R15: =B15/B3-1 -> 0.096534653 | S15: =A15 -> 45352
A16: 45383 | B16: 2875 | C16: 30 | D16: 96 | Q16: =D16/D4-1 -> 0.066666667 | R16: =B16/B4-1 -> 0.070364855 | S16: =A16 -> 45383
A17: 45413 | B17: 3089 | C17: 31 | D17: 100 | Q17: =D17/D5-1 -> -0.0099009901 | R17: =B17/B5-1 -> -0.0089829965 | S17: =A17 -> 45413
A18: 45444 | B18: 2737 | C18: 30 | D18: 91 | Q18: =D18/D6-1 -> -0.13333333 | R18: =B18/B6-1 -> -0.12834395 | S18: =A18 -> 45444
A19: 45474 | B19: 2374 | C19: 31 | D19: 77 | Q19: =D19/D7-1 -> -0.094117647 | R19: =B19/B7-1 -> -0.102118 | S19: =A19 -> 45474
A20: 45505 | B20: 2183 | C20: 31 | D20: 70 | Q20: =D20/D8-1 -> -0.20454545 | R20: =B20/B8-1 -> -0.19624448 | S20: =A20 -> 45505
A21: 45536 | B21: 1999 | C21: 30 | D21: 67 | Q21: =D21/D9-1 -> -0.17283951 | R21: =B21/B9-1 -> -0.17736626 | S21: =A21 -> 45536
A22: 45566 | B22: 2167 | C22: 31 | D22: 70 | Q22: =D22/D10-1 -> 0 | R22: =B22/B10-1 -> -0.00092208391 | S22: =A22 -> 45566
A23: 45597 | B23: 1793 | C23: 30 | D23: 60 | Q23: =D23/D11-1 -> 0.016949153 | R23: =B23/B11-1 -> 0.005608525 | S23: =A23 -> 45597
A24: 45627 | B24: 1318 | C24: 31 | D24: 43 | Q24: =D24/D12-1 -> -0.022727273 | R24: =B24/B12-1 -> -0.033015407 | S24: =A24 -> 45627
A25: 45658 | B25: 1449 | C25: 31 | D25: 47 | Q25: =D25/D13-1 -> -0.11320755 | R25: =B25/B13-1 -> -0.12075243 | S25: =A25 -> 45658
... A39: 46082 | B39: 393 | C39: 9 | D39: 44 | Q39: =D39/D27-1 -> -0.37142857 | R39: =B39/B27-1 -> -0.817718 | S39: =A39 -> 46082

Sheet Sheet1
A1: Month | B1: Sales | C1: Ends | D1: Commissions | E1: Top 20% | F1: Bottom 80% | G1: Top 20% Each/Month | H1: Bottom 80% Each/Month | I1: Top 20% Deals | J1: Bottom 80% Deals
A2: =CloseDateSpeedOfMarket!A26 -> 45689 | B2: =CloseDateSpeedOfMarket!B26 -> 1718 | C2: =B2*2 -> 3436 | D2: =C2*10000 -> 34360000 | E2: =D2*80% -> 27488000 | F2: =D2*20% -> 6872000 | G2: =E2/(8500*20%) -> 16169.412 | H2: =F2/(8500*80%) -> 1010.5882 | I2: =G2/10000 -> 1.6169412 | J2: =H2/10000 -> 0.10105882
A3: =CloseDateSpeedOfMarket!A27 -> 45717 | B3: =CloseDateSpeedOfMarket!B27 -> 2156 | C3: =B3*2 -> 4312 | D3: =C3*10000 -> 43120000 | E3: =D3*80% -> 34496000 | F3: =D3*20% -> 8624000 | G3: =E3/(8500*20%) -> 20291.765 | H3: =F3/(8500*80%) -> 1268.2353 | I3: =G3/10000 -> 2.0291765 | J3: =H3/10000 -> 0.12682353
A4: =CloseDateSpeedOfMarket!A28 -> 45748 | B4: =CloseDateSpeedOfMarket!B28 -> 2230 | C4: =B4*2 -> 4460 | D4: =C4*10000 -> 44600000 | E4: =D4*80% -> 35680000 | F4: =D4*20% -> 8920000 | G4: =E4/(8500*20%) -> 20988.235 | H4: =F4/(8500*80%) -> 1311.7647 | I4: =G4/10000 -> 2.0988235 | J4: =H4/10000 -> 0.13117647
A5: =CloseDateSpeedOfMarket!A29 -> 45778 | B5: =CloseDateSpeedOfMarket!B29 -> 2559 | C5: =B5*2 -> 5118 | D5: =C5*10000 -> 51180000 | E5: =D5*80% -> 40944000 | F5: =D5*20% -> 10236000 | G5: =E5/(8500*20%) -> 24084.706 | H5: =F5/(8500*80%) -> 1505.2941 | I5: =G5/10000 -> 2.4084706 | J5: =H5/10000 -> 0.15052941
A6: =CloseDateSpeedOfMarket!A30 -> 45809 | B6: =CloseDateSpeedOfMarket!B30 -> 2284 | C6: =B6*2 -> 4568 | D6: =C6*10000 -> 45680000 | E6: =D6*80% -> 36544000 | F6: =D6*20% -> 9136000 | G6: =E6/(8500*20%) -> 21496.471 | H6: =F6/(8500*80%) -> 1343.5294 | I6: =G6/10000 -> 2.1496471 | J6: =H6/10000 -> 0.13435294
A7: =CloseDateSpeedOfMarket!A31 -> 45839 | B7: =CloseDateSpeedOfMarket!B31 -> 2096 | C7: =B7*2 -> 4192 | D7: =C7*10000 -> 41920000 | E7: =D7*80% -> 33536000 | F7: =D7*20% -> 8384000 | G7: =E7/(8500*20%) -> 19727.059 | H7: =F7/(8500*80%) -> 1232.9412 | I7: =G7/10000 -> 1.9727059 | J7: =H7/10000 -> 0.12329412
A8: =CloseDateSpeedOfMarket!A32 -> 45870 | B8: =CloseDateSpeedOfMarket!B32 -> 1986 | C8: =B8*2 -> 3972 | D8: =C8*10000 -> 39720000 | E8: =D8*80% -> 31776000 | F8: =D8*20% -> 7944000 | G8: =E8/(8500*20%) -> 18691.765 | H8: =F8/(8500*80%) -> 1168.2353 | I8: =G8/10000 -> 1.8691765 | J8: =H8/10000 -> 0.11682353
A9: =CloseDateSpeedOfMarket!A33 -> 45901 | B9: =CloseDateSpeedOfMarket!B33 -> 1717 | C9: =B9*2 -> 3434 | D9: =C9*10000 -> 34340000 | E9: =D9*80% -> 27472000 | F9: =D9*20% -> 6868000 | G9: =E9/(8500*20%) -> 16160 | H9: =F9/(8500*80%) -> 1010 | I9: =G9/10000 -> 1.616 | J9: =H9/10000 -> 0.101
A10: =CloseDateSpeedOfMarket!A34 -> 45931 | B10: =CloseDateSpeedOfMarket!B34 -> 1879 | C10: =B10*2 -> 3758 | D10: =C10*10000 -> 37580000 | E10: =D10*80% -> 30064000 | F10: =D10*20% -> 7516000 | G10: =E10/(8500*20%) -> 17684.706 | H10: =F10/(8500*80%) -> 1105.2941 | I10: =G10/10000 -> 1.7684706 | J10: =H10/10000 -> 0.11052941
A11: =CloseDateSpeedOfMarket!A35 -> 45962 | B11: =CloseDateSpeedOfMarket!B35 -> 1547 | C11: =B11*2 -> 3094 | D11: =C11*10000 -> 30940000 | E11: =D11*80% -> 24752000 | F11: =D11*20% -> 6188000 | G11: =E11/(8500*20%) -> 14560 | H11: =F11/(8500*80%) -> 910 | I11: =G11/10000 -> 1.456 | J11: =H11/10000 -> 0.091
A12: =CloseDateSpeedOfMarket!A36 -> 45992 | B12: =CloseDateSpeedOfMarket!B36 -> 1123 | C12: =B12*2 -> 2246 | D12: =C12*10000 -> 22460000 | E12: =D12*80% -> 17968000 | F12: =D12*20% -> 4492000 | G12: =E12/(8500*20%) -> 10569.412 | H12: =F12/(8500*80%) -> 660.58824 | I12: =G12/10000 -> 1.0569412 | J12: =H12/10000 -> 0.066058824
A13: =CloseDateSpeedOfMarket!A37 -> 46023 | B13: =CloseDateSpeedOfMarket!B37 -> 1239 | C13: =B13*2 -> 2478 | D13: =C13*10000 -> 24780000 | E13: =D13*80% -> 19824000 | F13: =D13*20% -> 4956000 | G13: =E13/(8500*20%) -> 11661.176 | H13: =F13/(8500*80%) -> 728.82353 | I13: =G13/10000 -> 1.1661176 | J13: =H13/10000 -> 0.072882353
A14: =CloseDateSpeedOfMarket!A38 -> 46054 | B14: =CloseDateSpeedOfMarket!B38 -> 1528 | C14: =B14*2 -> 3056 | D14: =C14*10000 -> 30560000 | E14: =D14*80% -> 24448000 | F14: =D14*20% -> 6112000 | G14: =E14/(8500*20%) -> 14381.176 | H14: =F14/(8500*80%) -> 898.82353 | I14: =G14/10000 -> 1.4381176 | J14: =H14/10000 -> 0.089882353
B15: =SUM(B2:B14) -> 24062 | C15: =SUM(C2:C14) -> 48124 | D15: =SUM(D2:D14) -> 481240000 | E15: =D15*80% -> 384992000 | F15: =D15*20% -> 96248000 | G15: =E15/(8500*20%) -> 226465.88 | H15: =F15/(8500*80%) -> 14154.118 | I15: =G15/10000 -> 22.646588 | J15: =H15/10000 -> 1.4154118
E16: =E15/D15 -> 0.8 | F16: =F15/D15 -> 0.2
A17: MLS Sales in the past 12 months times 2 equals "Realtor Ends"
A18: 8,500 Realtors with 20% of the Realtors doing 80% of The Business
A19: 8,500 Realtors with 80% of the Realtors doing 20% of The Business
A20: Gross Commission Avg Number Used $10,000 per end.
